pokemon_name,hp,attack,defense,special-attack,special-defense,speed,type_1,type_2,pokemon_id,type_slot_1_id,type_slot_2_id
bulbasaur,45,49,49,65,65,45,grass,poison,1,6,1
ivysaur,60,62,63,80,80,60,grass,poison,2,6,1
venusaur,80,82,83,100,100,80,grass,poison,3,6,1
charmander,39,52,43,60,50,65,fire,Empty,4,14,2
charmeleon,58,64,58,80,65,80,fire,Empty,5,14,2
charizard,78,84,78,109,85,100,fire,flying,6,14,3
squirtle,44,48,65,50,64,43,water,Empty,7,12,2
wartortle,59,63,80,65,80,58,water,Empty,8,12,2
blastoise,79,83,100,85,105,78,water,Empty,9,12,2
caterpie,45,30,35,20,20,45,bug,Empty,10,18,2
metapod,50,20,55,25,25,30,bug,Empty,11,18,2
butterfree,60,45,50,90,80,70,bug,flying,12,18,3
weedle,40,35,30,20,20,50,bug,poison,13,18,1
kakuna,45,25,50,25,25,35,bug,poison,14,18,1
beedrill,65,90,40,45,80,75,bug,poison,15,18,1
pidgey,40,45,40,35,35,56,normal,flying,16,19,3
pidgeotto,63,60,55,50,50,71,normal,flying,17,19,3
pidgeot,83,80,75,70,70,101,normal,flying,18,19,3
rattata,30,56,35,25,35,72,normal,Empty,19,19,2
raticate,55,81,60,50,70,97,normal,Empty,20,19,2
spearow,40,60,30,31,31,70,normal,flying,21,19,3
fearow,65,90,65,61,61,100,normal,flying,22,19,3
ekans,35,60,44,40,54,55,poison,Empty,23,1,2
arbok,60,95,69,65,79,80,poison,Empty,24,1,2
pikachu,35,55,40,50,50,90,electric,Empty,25,13,2
raichu,60,90,55,90,80,110,electric,Empty,26,13,2
sandshrew,50,75,85,20,30,40,ground,Empty,27,4,2
sandslash,75,100,110,45,55,65,ground,Empty,28,4,2
nidoran-f,55,47,52,40,40,41,poison,Empty,29,1,2
nidorina,70,62,67,55,55,56,poison,Empty,30,1,2
nidoqueen,90,92,87,75,85,76,poison,ground,31,1,4
nidoran-m,46,57,40,40,40,50,poison,Empty,32,1,2
nidorino,61,72,57,55,55,65,poison,Empty,33,1,2
nidoking,81,102,77,85,75,85,poison,ground,34,1,4
clefairy,70,45,48,60,65,35,fairy,Empty,35,5,2
clefable,95,70,73,95,90,60,fairy,Empty,36,5,2
vulpix,38,41,40,50,65,65,fire,Empty,37,14,2
ninetales,73,76,75,81,100,100,fire,Empty,38,14,2
jigglypuff,115,45,20,45,25,20,normal,fairy,39,19,5
wigglytuff,140,70,45,85,50,45,normal,fairy,40,19,5
zubat,40,45,35,30,40,55,poison,flying,41,1,3
golbat,75,80,70,65,75,90,poison,flying,42,1,3
oddish,45,50,55,75,65,30,grass,poison,43,6,1
gloom,60,65,70,85,75,40,grass,poison,44,6,1
vileplume,75,80,85,110,90,50,grass,poison,45,6,1
paras,35,70,55,45,55,25,bug,grass,46,18,6
parasect,60,95,80,60,80,30,bug,grass,47,18,6
venonat,60,55,50,40,55,45,bug,poison,48,18,1
venomoth,70,65,60,90,75,90,bug,poison,49,18,1
diglett,10,55,25,35,45,95,ground,Empty,50,4,2
dugtrio,35,100,50,50,70,120,ground,Empty,51,4,2
meowth,40,45,35,40,40,90,normal,Empty,52,19,2
persian,65,70,60,65,65,115,normal,Empty,53,19,2
psyduck,50,52,48,65,50,55,water,Empty,54,12,2
golduck,80,82,78,95,80,85,water,Empty,55,12,2
mankey,40,80,35,35,45,70,fighting,Empty,56,7,2
primeape,65,105,60,60,70,95,fighting,Empty,57,7,2
growlithe,55,70,45,70,50,60,fire,Empty,58,14,2
arcanine,90,110,80,100,80,95,fire,Empty,59,14,2
poliwag,40,50,40,40,40,90,water,Empty,60,12,2
poliwhirl,65,65,65,50,50,90,water,Empty,61,12,2
poliwrath,90,95,95,70,90,70,water,fighting,62,12,7
abra,25,20,15,105,55,90,psychic,Empty,63,8,2
kadabra,40,35,30,120,70,105,psychic,Empty,64,8,2
alakazam,55,50,45,135,95,120,psychic,Empty,65,8,2
machop,70,80,50,35,35,35,fighting,Empty,66,7,2
machoke,80,100,70,50,60,45,fighting,Empty,67,7,2
machamp,90,130,80,65,85,55,fighting,Empty,68,7,2
bellsprout,50,75,35,70,30,40,grass,poison,69,6,1
weepinbell,65,90,50,85,45,55,grass,poison,70,6,1
victreebel,80,105,65,100,70,70,grass,poison,71,6,1
tentacool,40,40,35,50,100,70,water,poison,72,12,1
tentacruel,80,70,65,80,120,100,water,poison,73,12,1
geodude,40,80,100,30,30,20,rock,ground,74,11,4
graveler,55,95,115,45,45,35,rock,ground,75,11,4
golem,80,120,130,55,65,45,rock,ground,76,11,4
ponyta,50,85,55,65,65,90,fire,Empty,77,14,2
rapidash,65,100,70,80,80,105,fire,Empty,78,14,2
slowpoke,90,65,65,40,40,15,water,psychic,79,12,8
slowbro,95,75,110,100,80,30,water,psychic,80,12,8
magnemite,25,35,70,95,55,45,electric,steel,81,13,9
magneton,50,60,95,120,70,70,electric,steel,82,13,9
farfetchd,52,90,55,58,62,60,normal,flying,83,19,3
doduo,35,85,45,35,35,75,normal,flying,84,19,3
dodrio,60,110,70,60,60,110,normal,flying,85,19,3
seel,65,45,55,45,70,45,water,Empty,86,12,2
dewgong,90,70,80,70,95,70,water,ice,87,12,10
grimer,80,80,50,40,50,25,poison,Empty,88,1,2
muk,105,105,75,65,100,50,poison,Empty,89,1,2
shellder,30,65,100,45,25,40,water,Empty,90,12,2
cloyster,50,95,180,85,45,70,water,ice,91,12,10
gastly,30,35,30,100,35,80,ghost,poison,92,17,1
haunter,45,50,45,115,55,95,ghost,poison,93,17,1
gengar,60,65,60,130,75,110,ghost,poison,94,17,1
onix,35,45,160,30,45,70,rock,ground,95,11,4
drowzee,60,48,45,43,90,42,psychic,Empty,96,8,2
hypno,85,73,70,73,115,67,psychic,Empty,97,8,2
krabby,30,105,90,25,25,50,water,Empty,98,12,2
kingler,55,130,115,50,50,75,water,Empty,99,12,2
voltorb,40,30,50,55,55,100,electric,Empty,100,13,2
electrode,60,50,70,80,80,150,electric,Empty,101,13,2
exeggcute,60,40,80,60,45,40,grass,psychic,102,6,8
exeggutor,95,95,85,125,75,55,grass,psychic,103,6,8
cubone,50,50,95,40,50,35,ground,Empty,104,4,2
marowak,60,80,110,50,80,45,ground,Empty,105,4,2
hitmonlee,50,120,53,35,110,87,fighting,Empty,106,7,2
hitmonchan,50,105,79,35,110,76,fighting,Empty,107,7,2
lickitung,90,55,75,60,75,30,normal,Empty,108,19,2
koffing,40,65,95,60,45,35,poison,Empty,109,1,2
weezing,65,90,120,85,70,60,poison,Empty,110,1,2
rhyhorn,80,85,95,30,30,25,ground,rock,111,4,11
rhydon,105,130,120,45,45,40,ground,rock,112,4,11
chansey,250,5,5,35,105,50,normal,Empty,113,19,2
tangela,65,55,115,100,40,60,grass,Empty,114,6,2
kangaskhan,105,95,80,40,80,90,normal,Empty,115,19,2
horsea,30,40,70,70,25,60,water,Empty,116,12,2
seadra,55,65,95,95,45,85,water,Empty,117,12,2
goldeen,45,67,60,35,50,63,water,Empty,118,12,2
seaking,80,92,65,65,80,68,water,Empty,119,12,2
staryu,30,45,55,70,55,85,water,Empty,120,12,2
starmie,60,75,85,100,85,115,water,psychic,121,12,8
mr-mime,40,45,65,100,120,90,psychic,fairy,122,8,5
scyther,70,110,80,55,80,105,bug,flying,123,18,3
jynx,65,50,35,115,95,95,ice,psychic,124,10,8
electabuzz,65,83,57,95,85,105,electric,Empty,125,13,2
magmar,65,95,57,100,85,93,fire,Empty,126,14,2
pinsir,65,125,100,55,70,85,bug,Empty,127,18,2
tauros,75,100,95,40,70,110,normal,Empty,128,19,2
magikarp,20,10,55,15,20,80,water,Empty,129,12,2
gyarados,95,125,79,60,100,81,water,flying,130,12,3
lapras,130,85,80,85,95,60,water,ice,131,12,10
ditto,48,48,48,48,48,48,normal,Empty,132,19,2
eevee,55,55,50,45,65,55,normal,Empty,133,19,2
vaporeon,130,65,60,110,95,65,water,Empty,134,12,2
jolteon,65,65,60,110,95,130,electric,Empty,135,13,2
flareon,65,130,60,95,110,65,fire,Empty,136,14,2
porygon,65,60,70,85,75,40,normal,Empty,137,19,2
omanyte,35,40,100,90,55,35,rock,water,138,11,12
omastar,70,60,125,115,70,55,rock,water,139,11,12
kabuto,30,80,90,55,45,55,rock,water,140,11,12
kabutops,60,115,105,65,70,80,rock,water,141,11,12
aerodactyl,80,105,65,60,75,130,rock,flying,142,11,3
snorlax,160,110,65,65,110,30,normal,Empty,143,19,2
articuno,90,85,100,95,125,85,ice,flying,144,10,3
zapdos,90,90,85,125,90,100,electric,flying,145,13,3
moltres,90,100,90,125,85,90,fire,flying,146,14,3
dratini,41,64,45,50,50,50,dragon,Empty,147,15,2
dragonair,61,84,65,70,70,70,dragon,Empty,148,15,2
dragonite,91,134,95,100,100,80,dragon,flying,149,15,3
mewtwo,106,110,90,154,90,130,psychic,Empty,150,8,2
mew,100,100,100,100,100,100,psychic,Empty,151,8,2
chikorita,45,49,65,49,65,45,grass,Empty,152,6,2
bayleef,60,62,80,63,80,60,grass,Empty,153,6,2
meganium,80,82,100,83,100,80,grass,Empty,154,6,2
cyndaquil,39,52,43,60,50,65,fire,Empty,155,14,2
quilava,58,64,58,80,65,80,fire,Empty,156,14,2
typhlosion,78,84,78,109,85,100,fire,Empty,157,14,2
totodile,50,65,64,44,48,43,water,Empty,158,12,2
croconaw,65,80,80,59,63,58,water,Empty,159,12,2
feraligatr,85,105,100,79,83,78,water,Empty,160,12,2
sentret,35,46,34,35,45,20,normal,Empty,161,19,2
furret,85,76,64,45,55,90,normal,Empty,162,19,2
hoothoot,60,30,30,36,56,50,normal,flying,163,19,3
noctowl,100,50,50,86,96,70,normal,flying,164,19,3
ledyba,40,20,30,40,80,55,bug,flying,165,18,3
ledian,55,35,50,55,110,85,bug,flying,166,18,3
spinarak,40,60,40,40,40,30,bug,poison,167,18,1
ariados,70,90,70,60,70,40,bug,poison,168,18,1
crobat,85,90,80,70,80,130,poison,flying,169,1,3
chinchou,75,38,38,56,56,67,water,electric,170,12,13
lanturn,125,58,58,76,76,67,water,electric,171,12,13
pichu,20,40,15,35,35,60,electric,Empty,172,13,2
cleffa,50,25,28,45,55,15,fairy,Empty,173,5,2
igglybuff,90,30,15,40,20,15,normal,fairy,174,19,5
togepi,35,20,65,40,65,20,fairy,Empty,175,5,2
togetic,55,40,85,80,105,40,fairy,flying,176,5,3
natu,40,50,45,70,45,70,psychic,flying,177,8,3
xatu,65,75,70,95,70,95,psychic,flying,178,8,3
mareep,55,40,40,65,45,35,electric,Empty,179,13,2
flaaffy,70,55,55,80,60,45,electric,Empty,180,13,2
ampharos,90,75,85,115,90,55,electric,Empty,181,13,2
bellossom,75,80,95,90,100,50,grass,Empty,182,6,2
marill,70,20,50,20,50,40,water,fairy,183,12,5
azumarill,100,50,80,60,80,50,water,fairy,184,12,5
sudowoodo,70,100,115,30,65,30,rock,Empty,185,11,2
politoed,90,75,75,90,100,70,water,Empty,186,12,2
hoppip,35,35,40,35,55,50,grass,flying,187,6,3
skiploom,55,45,50,45,65,80,grass,flying,188,6,3
jumpluff,75,55,70,55,95,110,grass,flying,189,6,3
aipom,55,70,55,40,55,85,normal,Empty,190,19,2
sunkern,30,30,30,30,30,30,grass,Empty,191,6,2
sunflora,75,75,55,105,85,30,grass,Empty,192,6,2
yanma,65,65,45,75,45,95,bug,flying,193,18,3
wooper,55,45,45,25,25,15,water,ground,194,12,4
quagsire,95,85,85,65,65,35,water,ground,195,12,4
espeon,65,65,60,130,95,110,psychic,Empty,196,8,2
umbreon,95,65,110,60,130,65,dark,Empty,197,16,2
murkrow,60,85,42,85,42,91,dark,flying,198,16,3
slowking,95,75,80,100,110,30,water,psychic,199,12,8
misdreavus,60,60,60,85,85,85,ghost,Empty,200,17,2
unown,48,72,48,72,48,48,psychic,Empty,201,8,2
wobbuffet,190,33,58,33,58,33,psychic,Empty,202,8,2
girafarig,70,80,65,90,65,85,normal,psychic,203,19,8
pineco,50,65,90,35,35,15,bug,Empty,204,18,2
forretress,75,90,140,60,60,40,bug,steel,205,18,9
dunsparce,100,70,70,65,65,45,normal,Empty,206,19,2
gligar,65,75,105,35,65,85,ground,flying,207,4,3
steelix,75,85,200,55,65,30,steel,ground,208,9,4
snubbull,60,80,50,40,40,30,fairy,Empty,209,5,2
granbull,90,120,75,60,60,45,fairy,Empty,210,5,2
qwilfish,65,95,85,55,55,85,water,poison,211,12,1
scizor,70,130,100,55,80,65,bug,steel,212,18,9
shuckle,20,10,230,10,230,5,bug,rock,213,18,11
heracross,80,125,75,40,95,85,bug,fighting,214,18,7
sneasel,55,95,55,35,75,115,dark,ice,215,16,10
teddiursa,60,80,50,50,50,40,normal,Empty,216,19,2
ursaring,90,130,75,75,75,55,normal,Empty,217,19,2
slugma,40,40,40,70,40,20,fire,Empty,218,14,2
magcargo,60,50,120,90,80,30,fire,rock,219,14,11
swinub,50,50,40,30,30,50,ice,ground,220,10,4
piloswine,100,100,80,60,60,50,ice,ground,221,10,4
corsola,65,55,95,65,95,35,water,rock,222,12,11
remoraid,35,65,35,65,35,65,water,Empty,223,12,2
octillery,75,105,75,105,75,45,water,Empty,224,12,2
delibird,45,55,45,65,45,75,ice,flying,225,10,3
mantine,85,40,70,80,140,70,water,flying,226,12,3
skarmory,65,80,140,40,70,70,steel,flying,227,9,3
houndour,45,60,30,80,50,65,dark,fire,228,16,14
houndoom,75,90,50,110,80,95,dark,fire,229,16,14
kingdra,75,95,95,95,95,85,water,dragon,230,12,15
phanpy,90,60,60,40,40,40,ground,Empty,231,4,2
donphan,90,120,120,60,60,50,ground,Empty,232,4,2
porygon2,85,80,90,105,95,60,normal,Empty,233,19,2
stantler,73,95,62,85,65,85,normal,Empty,234,19,2
smeargle,55,20,35,20,45,75,normal,Empty,235,19,2
tyrogue,35,35,35,35,35,35,fighting,Empty,236,7,2
hitmontop,50,95,95,35,110,70,fighting,Empty,237,7,2
smoochum,45,30,15,85,65,65,ice,psychic,238,10,8
elekid,45,63,37,65,55,95,electric,Empty,239,13,2
magby,45,75,37,70,55,83,fire,Empty,240,14,2
miltank,95,80,105,40,70,100,normal,Empty,241,19,2
blissey,255,10,10,75,135,55,normal,Empty,242,19,2
raikou,90,85,75,115,100,115,electric,Empty,243,13,2
entei,115,115,85,90,75,100,fire,Empty,244,14,2
suicune,100,75,115,90,115,85,water,Empty,245,12,2
larvitar,50,64,50,45,50,41,rock,ground,246,11,4
pupitar,70,84,70,65,70,51,rock,ground,247,11,4
tyranitar,100,134,110,95,100,61,rock,dark,248,11,16
lugia,106,90,130,90,154,110,psychic,flying,249,8,3
ho-oh,106,130,90,110,154,90,fire,flying,250,14,3
celebi,100,100,100,100,100,100,psychic,grass,251,8,6
treecko,40,45,35,65,55,70,grass,Empty,252,6,2
grovyle,50,65,45,85,65,95,grass,Empty,253,6,2
sceptile,70,85,65,105,85,120,grass,Empty,254,6,2
torchic,45,60,40,70,50,45,fire,Empty,255,14,2
combusken,60,85,60,85,60,55,fire,fighting,256,14,7
blaziken,80,120,70,110,70,80,fire,fighting,257,14,7
mudkip,50,70,50,50,50,40,water,Empty,258,12,2
marshtomp,70,85,70,60,70,50,water,ground,259,12,4
swampert,100,110,90,85,90,60,water,ground,260,12,4
poochyena,35,55,35,30,30,35,dark,Empty,261,16,2
mightyena,70,90,70,60,60,70,dark,Empty,262,16,2
zigzagoon,38,30,41,30,41,60,normal,Empty,263,19,2
linoone,78,70,61,50,61,100,normal,Empty,264,19,2
wurmple,45,45,35,20,30,20,bug,Empty,265,18,2
silcoon,50,35,55,25,25,15,bug,Empty,266,18,2
beautifly,60,70,50,100,50,65,bug,flying,267,18,3
cascoon,50,35,55,25,25,15,bug,Empty,268,18,2
dustox,60,50,70,50,90,65,bug,poison,269,18,1
lotad,40,30,30,40,50,30,water,grass,270,12,6
lombre,60,50,50,60,70,50,water,grass,271,12,6
ludicolo,80,70,70,90,100,70,water,grass,272,12,6
seedot,40,40,50,30,30,30,grass,Empty,273,6,2
nuzleaf,70,70,40,60,40,60,grass,dark,274,6,16
shiftry,90,100,60,90,60,80,grass,dark,275,6,16
taillow,40,55,30,30,30,85,normal,flying,276,19,3
swellow,60,85,60,75,50,125,normal,flying,277,19,3
wingull,40,30,30,55,30,85,water,flying,278,12,3
pelipper,60,50,100,95,70,65,water,flying,279,12,3
ralts,28,25,25,45,35,40,psychic,fairy,280,8,5
kirlia,38,35,35,65,55,50,psychic,fairy,281,8,5
gardevoir,68,65,65,125,115,80,psychic,fairy,282,8,5
surskit,40,30,32,50,52,65,bug,water,283,18,12
masquerain,70,60,62,100,82,80,bug,flying,284,18,3
shroomish,60,40,60,40,60,35,grass,Empty,285,6,2
breloom,60,130,80,60,60,70,grass,fighting,286,6,7
slakoth,60,60,60,35,35,30,normal,Empty,287,19,2
vigoroth,80,80,80,55,55,90,normal,Empty,288,19,2
slaking,150,160,100,95,65,100,normal,Empty,289,19,2
nincada,31,45,90,30,30,40,bug,ground,290,18,4
ninjask,61,90,45,50,50,160,bug,flying,291,18,3
shedinja,1,90,45,30,30,40,bug,ghost,292,18,17
whismur,64,51,23,51,23,28,normal,Empty,293,19,2
loudred,84,71,43,71,43,48,normal,Empty,294,19,2
exploud,104,91,63,91,73,68,normal,Empty,295,19,2
makuhita,72,60,30,20,30,25,fighting,Empty,296,7,2
hariyama,144,120,60,40,60,50,fighting,Empty,297,7,2
azurill,50,20,40,20,40,20,normal,fairy,298,19,5
nosepass,30,45,135,45,90,30,rock,Empty,299,11,2
skitty,50,45,45,35,35,50,normal,Empty,300,19,2
delcatty,70,65,65,55,55,90,normal,Empty,301,19,2
sableye,50,75,75,65,65,50,dark,ghost,302,16,17
mawile,50,85,85,55,55,50,steel,fairy,303,9,5
aron,50,70,100,40,40,30,steel,rock,304,9,11
lairon,60,90,140,50,50,40,steel,rock,305,9,11
aggron,70,110,180,60,60,50,steel,rock,306,9,11
meditite,30,40,55,40,55,60,fighting,psychic,307,7,8
medicham,60,60,75,60,75,80,fighting,psychic,308,7,8
electrike,40,45,40,65,40,65,electric,Empty,309,13,2
manectric,70,75,60,105,60,105,electric,Empty,310,13,2
plusle,60,50,40,85,75,95,electric,Empty,311,13,2
minun,60,40,50,75,85,95,electric,Empty,312,13,2
volbeat,65,73,75,47,85,85,bug,Empty,313,18,2
illumise,65,47,75,73,85,85,bug,Empty,314,18,2
roselia,50,60,45,100,80,65,grass,poison,315,6,1
gulpin,70,43,53,43,53,40,poison,Empty,316,1,2
swalot,100,73,83,73,83,55,poison,Empty,317,1,2
carvanha,45,90,20,65,20,65,water,dark,318,12,16
sharpedo,70,120,40,95,40,95,water,dark,319,12,16
wailmer,130,70,35,70,35,60,water,Empty,320,12,2
wailord,170,90,45,90,45,60,water,Empty,321,12,2
numel,60,60,40,65,45,35,fire,ground,322,14,4
camerupt,70,100,70,105,75,40,fire,ground,323,14,4
torkoal,70,85,140,85,70,20,fire,Empty,324,14,2
spoink,60,25,35,70,80,60,psychic,Empty,325,8,2
grumpig,80,45,65,90,110,80,psychic,Empty,326,8,2
spinda,60,60,60,60,60,60,normal,Empty,327,19,2
trapinch,45,100,45,45,45,10,ground,Empty,328,4,2
vibrava,50,70,50,50,50,70,ground,dragon,329,4,15
flygon,80,100,80,80,80,100,ground,dragon,330,4,15
cacnea,50,85,40,85,40,35,grass,Empty,331,6,2
cacturne,70,115,60,115,60,55,grass,dark,332,6,16
swablu,45,40,60,40,75,50,normal,flying,333,19,3
altaria,75,70,90,70,105,80,dragon,flying,334,15,3
zangoose,73,115,60,60,60,90,normal,Empty,335,19,2
seviper,73,100,60,100,60,65,poison,Empty,336,1,2
lunatone,90,55,65,95,85,70,rock,psychic,337,11,8
solrock,90,95,85,55,65,70,rock,psychic,338,11,8
barboach,50,48,43,46,41,60,water,ground,339,12,4
whiscash,110,78,73,76,71,60,water,ground,340,12,4
corphish,43,80,65,50,35,35,water,Empty,341,12,2
crawdaunt,63,120,85,90,55,55,water,dark,342,12,16
baltoy,40,40,55,40,70,55,ground,psychic,343,4,8
claydol,60,70,105,70,120,75,ground,psychic,344,4,8
lileep,66,41,77,61,87,23,rock,grass,345,11,6
cradily,86,81,97,81,107,43,rock,grass,346,11,6
anorith,45,95,50,40,50,75,rock,bug,347,11,18
armaldo,75,125,100,70,80,45,rock,bug,348,11,18
feebas,20,15,20,10,55,80,water,Empty,349,12,2
milotic,95,60,79,100,125,81,water,Empty,350,12,2
castform,70,70,70,70,70,70,normal,Empty,351,19,2
kecleon,60,90,70,60,120,40,normal,Empty,352,19,2
shuppet,44,75,35,63,33,45,ghost,Empty,353,17,2
banette,64,115,65,83,63,65,ghost,Empty,354,17,2
duskull,20,40,90,30,90,25,ghost,Empty,355,17,2
dusclops,40,70,130,60,130,25,ghost,Empty,356,17,2
tropius,99,68,83,72,87,51,grass,flying,357,6,3
chimecho,75,50,80,95,90,65,psychic,Empty,358,8,2
absol,65,130,60,75,60,75,dark,Empty,359,16,2
wynaut,95,23,48,23,48,23,psychic,Empty,360,8,2
snorunt,50,50,50,50,50,50,ice,Empty,361,10,2
glalie,80,80,80,80,80,80,ice,Empty,362,10,2
spheal,70,40,50,55,50,25,ice,water,363,10,12
sealeo,90,60,70,75,70,45,ice,water,364,10,12
walrein,110,80,90,95,90,65,ice,water,365,10,12
clamperl,35,64,85,74,55,32,water,Empty,366,12,2
huntail,55,104,105,94,75,52,water,Empty,367,12,2
gorebyss,55,84,105,114,75,52,water,Empty,368,12,2
relicanth,100,90,130,45,65,55,water,rock,369,12,11
luvdisc,43,30,55,40,65,97,water,Empty,370,12,2
bagon,45,75,60,40,30,50,dragon,Empty,371,15,2
shelgon,65,95,100,60,50,50,dragon,Empty,372,15,2
salamence,95,135,80,110,80,100,dragon,flying,373,15,3
beldum,40,55,80,35,60,30,steel,psychic,374,9,8
metang,60,75,100,55,80,50,steel,psychic,375,9,8
metagross,80,135,130,95,90,70,steel,psychic,376,9,8
regirock,80,100,200,50,100,50,rock,Empty,377,11,2
regice,80,50,100,100,200,50,ice,Empty,378,10,2
registeel,80,75,150,75,150,50,steel,Empty,379,9,2
latias,80,80,90,110,130,110,dragon,psychic,380,15,8
latios,80,90,80,130,110,110,dragon,psychic,381,15,8
kyogre,100,100,90,150,140,90,water,Empty,382,12,2
groudon,100,150,140,100,90,90,ground,Empty,383,4,2
rayquaza,105,150,90,150,90,95,dragon,flying,384,15,3
jirachi,100,100,100,100,100,100,steel,psychic,385,9,8
deoxys-normal,50,150,50,150,50,150,psychic,Empty,386,8,2
turtwig,55,68,64,45,55,31,grass,Empty,387,6,2
grotle,75,89,85,55,65,36,grass,Empty,388,6,2
torterra,95,109,105,75,85,56,grass,ground,389,6,4
chimchar,44,58,44,58,44,61,fire,Empty,390,14,2
monferno,64,78,52,78,52,81,fire,fighting,391,14,7
infernape,76,104,71,104,71,108,fire,fighting,392,14,7
piplup,53,51,53,61,56,40,water,Empty,393,12,2
prinplup,64,66,68,81,76,50,water,Empty,394,12,2
empoleon,84,86,88,111,101,60,water,steel,395,12,9
starly,40,55,30,30,30,60,normal,flying,396,19,3
staravia,55,75,50,40,40,80,normal,flying,397,19,3
staraptor,85,120,70,50,60,100,normal,flying,398,19,3
bidoof,59,45,40,35,40,31,normal,Empty,399,19,2
bibarel,79,85,60,55,60,71,normal,water,400,19,12
kricketot,37,25,41,25,41,25,bug,Empty,401,18,2
kricketune,77,85,51,55,51,65,bug,Empty,402,18,2
shinx,45,65,34,40,34,45,electric,Empty,403,13,2
luxio,60,85,49,60,49,60,electric,Empty,404,13,2
luxray,80,120,79,95,79,70,electric,Empty,405,13,2
budew,40,30,35,50,70,55,grass,poison,406,6,1
roserade,60,70,65,125,105,90,grass,poison,407,6,1
cranidos,67,125,40,30,30,58,rock,Empty,408,11,2
rampardos,97,165,60,65,50,58,rock,Empty,409,11,2
shieldon,30,42,118,42,88,30,rock,steel,410,11,9
bastiodon,60,52,168,47,138,30,rock,steel,411,11,9
burmy,40,29,45,29,45,36,bug,Empty,412,18,2
wormadam-plant,60,59,85,79,105,36,bug,grass,413,18,6
mothim,70,94,50,94,50,66,bug,flying,414,18,3
combee,30,30,42,30,42,70,bug,flying,415,18,3
vespiquen,70,80,102,80,102,40,bug,flying,416,18,3
pachirisu,60,45,70,45,90,95,electric,Empty,417,13,2
buizel,55,65,35,60,30,85,water,Empty,418,12,2
floatzel,85,105,55,85,50,115,water,Empty,419,12,2
cherubi,45,35,45,62,53,35,grass,Empty,420,6,2
cherrim,70,60,70,87,78,85,grass,Empty,421,6,2
shellos,76,48,48,57,62,34,water,Empty,422,12,2
gastrodon,111,83,68,92,82,39,water,ground,423,12,4
ambipom,75,100,66,60,66,115,normal,Empty,424,19,2
drifloon,90,50,34,60,44,70,ghost,flying,425,17,3
drifblim,150,80,44,90,54,80,ghost,flying,426,17,3
buneary,55,66,44,44,56,85,normal,Empty,427,19,2
lopunny,65,76,84,54,96,105,normal,Empty,428,19,2
mismagius,60,60,60,105,105,105,ghost,Empty,429,17,2
honchkrow,100,125,52,105,52,71,dark,flying,430,16,3
glameow,49,55,42,42,37,85,normal,Empty,431,19,2
purugly,71,82,64,64,59,112,normal,Empty,432,19,2
chingling,45,30,50,65,50,45,psychic,Empty,433,8,2
stunky,63,63,47,41,41,74,poison,dark,434,1,16
skuntank,103,93,67,71,61,84,poison,dark,435,1,16
bronzor,57,24,86,24,86,23,steel,psychic,436,9,8
bronzong,67,89,116,79,116,33,steel,psychic,437,9,8
bonsly,50,80,95,10,45,10,rock,Empty,438,11,2
mime-jr,20,25,45,70,90,60,psychic,fairy,439,8,5
happiny,100,5,5,15,65,30,normal,Empty,440,19,2
chatot,76,65,45,92,42,91,normal,flying,441,19,3
spiritomb,50,92,108,92,108,35,ghost,dark,442,17,16
gible,58,70,45,40,45,42,dragon,ground,443,15,4
gabite,68,90,65,50,55,82,dragon,ground,444,15,4
garchomp,108,130,95,80,85,102,dragon,ground,445,15,4
munchlax,135,85,40,40,85,5,normal,Empty,446,19,2
riolu,40,70,40,35,40,60,fighting,Empty,447,7,2
lucario,70,110,70,115,70,90,fighting,steel,448,7,9
hippopotas,68,72,78,38,42,32,ground,Empty,449,4,2
hippowdon,108,112,118,68,72,47,ground,Empty,450,4,2
skorupi,40,50,90,30,55,65,poison,bug,451,1,18
drapion,70,90,110,60,75,95,poison,dark,452,1,16
croagunk,48,61,40,61,40,50,poison,fighting,453,1,7
toxicroak,83,106,65,86,65,85,poison,fighting,454,1,7
carnivine,74,100,72,90,72,46,grass,Empty,455,6,2
finneon,49,49,56,49,61,66,water,Empty,456,12,2
lumineon,69,69,76,69,86,91,water,Empty,457,12,2
mantyke,45,20,50,60,120,50,water,flying,458,12,3
snover,60,62,50,62,60,40,grass,ice,459,6,10
abomasnow,90,92,75,92,85,60,grass,ice,460,6,10
weavile,70,120,65,45,85,125,dark,ice,461,16,10
magnezone,70,70,115,130,90,60,electric,steel,462,13,9
lickilicky,110,85,95,80,95,50,normal,Empty,463,19,2
rhyperior,115,140,130,55,55,40,ground,rock,464,4,11
tangrowth,100,100,125,110,50,50,grass,Empty,465,6,2
electivire,75,123,67,95,85,95,electric,Empty,466,13,2
magmortar,75,95,67,125,95,83,fire,Empty,467,14,2
togekiss,85,50,95,120,115,80,fairy,flying,468,5,3
yanmega,86,76,86,116,56,95,bug,flying,469,18,3
leafeon,65,110,130,60,65,95,grass,Empty,470,6,2
glaceon,65,60,110,130,95,65,ice,Empty,471,10,2
gliscor,75,95,125,45,75,95,ground,flying,472,4,3
mamoswine,110,130,80,70,60,80,ice,ground,473,10,4
porygon-z,85,80,70,135,75,90,normal,Empty,474,19,2
gallade,68,125,65,65,115,80,psychic,fighting,475,8,7
probopass,60,55,145,75,150,40,rock,steel,476,11,9
dusknoir,45,100,135,65,135,45,ghost,Empty,477,17,2
froslass,70,80,70,80,70,110,ice,ghost,478,10,17
rotom,50,50,77,95,77,91,electric,ghost,479,13,17
uxie,75,75,130,75,130,95,psychic,Empty,480,8,2
mesprit,80,105,105,105,105,80,psychic,Empty,481,8,2
azelf,75,125,70,125,70,115,psychic,Empty,482,8,2
dialga,100,120,120,150,100,90,steel,dragon,483,9,15
palkia,90,120,100,150,120,100,water,dragon,484,12,15
heatran,91,90,106,130,106,77,fire,steel,485,14,9
regigigas,110,160,110,80,110,100,normal,Empty,486,19,2
giratina-altered,150,100,120,100,120,90,ghost,dragon,487,17,15
cresselia,120,70,110,75,120,85,psychic,Empty,488,8,2
phione,80,80,80,80,80,80,water,Empty,489,12,2
manaphy,100,100,100,100,100,100,water,Empty,490,12,2
darkrai,70,90,90,135,90,125,dark,Empty,491,16,2
shaymin-land,100,100,100,100,100,100,grass,Empty,492,6,2
arceus,120,120,120,120,120,120,normal,Empty,493,19,2
victini,100,100,100,100,100,100,psychic,fire,494,8,14
snivy,45,45,55,45,55,63,grass,Empty,495,6,2
servine,60,60,75,60,75,83,grass,Empty,496,6,2
serperior,75,75,95,75,95,113,grass,Empty,497,6,2
tepig,65,63,45,45,45,45,fire,Empty,498,14,2
pignite,90,93,55,70,55,55,fire,fighting,499,14,7
emboar,110,123,65,100,65,65,fire,fighting,500,14,7
oshawott,55,55,45,63,45,45,water,Empty,501,12,2
dewott,75,75,60,83,60,60,water,Empty,502,12,2
samurott,95,100,85,108,70,70,water,Empty,503,12,2
patrat,45,55,39,35,39,42,normal,Empty,504,19,2
watchog,60,85,69,60,69,77,normal,Empty,505,19,2
lillipup,45,60,45,25,45,55,normal,Empty,506,19,2
herdier,65,80,65,35,65,60,normal,Empty,507,19,2
stoutland,85,110,90,45,90,80,normal,Empty,508,19,2
purrloin,41,50,37,50,37,66,dark,Empty,509,16,2
liepard,64,88,50,88,50,106,dark,Empty,510,16,2
pansage,50,53,48,53,48,64,grass,Empty,511,6,2
simisage,75,98,63,98,63,101,grass,Empty,512,6,2
pansear,50,53,48,53,48,64,fire,Empty,513,14,2
simisear,75,98,63,98,63,101,fire,Empty,514,14,2
panpour,50,53,48,53,48,64,water,Empty,515,12,2
simipour,75,98,63,98,63,101,water,Empty,516,12,2
munna,76,25,45,67,55,24,psychic,Empty,517,8,2
musharna,116,55,85,107,95,29,psychic,Empty,518,8,2
pidove,50,55,50,36,30,43,normal,flying,519,19,3
tranquill,62,77,62,50,42,65,normal,flying,520,19,3
unfezant,80,115,80,65,55,93,normal,flying,521,19,3
blitzle,45,60,32,50,32,76,electric,Empty,522,13,2
zebstrika,75,100,63,80,63,116,electric,Empty,523,13,2
roggenrola,55,75,85,25,25,15,rock,Empty,524,11,2
boldore,70,105,105,50,40,20,rock,Empty,525,11,2
gigalith,85,135,130,60,80,25,rock,Empty,526,11,2
woobat,65,45,43,55,43,72,psychic,flying,527,8,3
swoobat,67,57,55,77,55,114,psychic,flying,528,8,3
drilbur,60,85,40,30,45,68,ground,Empty,529,4,2
excadrill,110,135,60,50,65,88,ground,steel,530,4,9
audino,103,60,86,60,86,50,normal,Empty,531,19,2
timburr,75,80,55,25,35,35,fighting,Empty,532,7,2
gurdurr,85,105,85,40,50,40,fighting,Empty,533,7,2
conkeldurr,105,140,95,55,65,45,fighting,Empty,534,7,2
tympole,50,50,40,50,40,64,water,Empty,535,12,2
palpitoad,75,65,55,65,55,69,water,ground,536,12,4
seismitoad,105,95,75,85,75,74,water,ground,537,12,4
throh,120,100,85,30,85,45,fighting,Empty,538,7,2
sawk,75,125,75,30,75,85,fighting,Empty,539,7,2
sewaddle,45,53,70,40,60,42,bug,grass,540,18,6
swadloon,55,63,90,50,80,42,bug,grass,541,18,6
leavanny,75,103,80,70,80,92,bug,grass,542,18,6
venipede,30,45,59,30,39,57,bug,poison,543,18,1
whirlipede,40,55,99,40,79,47,bug,poison,544,18,1
scolipede,60,100,89,55,69,112,bug,poison,545,18,1
cottonee,40,27,60,37,50,66,grass,fairy,546,6,5
whimsicott,60,67,85,77,75,116,grass,fairy,547,6,5
petilil,45,35,50,70,50,30,grass,Empty,548,6,2
lilligant,70,60,75,110,75,90,grass,Empty,549,6,2
basculin-red-striped,70,92,65,80,55,98,water,Empty,550,12,2
sandile,50,72,35,35,35,65,ground,dark,551,4,16
krokorok,60,82,45,45,45,74,ground,dark,552,4,16
krookodile,95,117,80,65,70,92,ground,dark,553,4,16
darumaka,70,90,45,15,45,50,fire,Empty,554,14,2
darmanitan-standard,105,140,55,30,55,95,fire,Empty,555,14,2
maractus,75,86,67,106,67,60,grass,Empty,556,6,2
dwebble,50,65,85,35,35,55,bug,rock,557,18,11
crustle,70,105,125,65,75,45,bug,rock,558,18,11
scraggy,50,75,70,35,70,48,dark,fighting,559,16,7
scrafty,65,90,115,45,115,58,dark,fighting,560,16,7
sigilyph,72,58,80,103,80,97,psychic,flying,561,8,3
yamask,38,30,85,55,65,30,ghost,Empty,562,17,2
cofagrigus,58,50,145,95,105,30,ghost,Empty,563,17,2
tirtouga,54,78,103,53,45,22,water,rock,564,12,11
carracosta,74,108,133,83,65,32,water,rock,565,12,11
archen,55,112,45,74,45,70,rock,flying,566,11,3
archeops,75,140,65,112,65,110,rock,flying,567,11,3
trubbish,50,50,62,40,62,65,poison,Empty,568,1,2
garbodor,80,95,82,60,82,75,poison,Empty,569,1,2
zorua,40,65,40,80,40,65,dark,Empty,570,16,2
zoroark,60,105,60,120,60,105,dark,Empty,571,16,2
minccino,55,50,40,40,40,75,normal,Empty,572,19,2
cinccino,75,95,60,65,60,115,normal,Empty,573,19,2
gothita,45,30,50,55,65,45,psychic,Empty,574,8,2
gothorita,60,45,70,75,85,55,psychic,Empty,575,8,2
gothitelle,70,55,95,95,110,65,psychic,Empty,576,8,2
solosis,45,30,40,105,50,20,psychic,Empty,577,8,2
duosion,65,40,50,125,60,30,psychic,Empty,578,8,2
reuniclus,110,65,75,125,85,30,psychic,Empty,579,8,2
ducklett,62,44,50,44,50,55,water,flying,580,12,3
swanna,75,87,63,87,63,98,water,flying,581,12,3
vanillite,36,50,50,65,60,44,ice,Empty,582,10,2
vanillish,51,65,65,80,75,59,ice,Empty,583,10,2
vanilluxe,71,95,85,110,95,79,ice,Empty,584,10,2
deerling,60,60,50,40,50,75,normal,grass,585,19,6
sawsbuck,80,100,70,60,70,95,normal,grass,586,19,6
emolga,55,75,60,75,60,103,electric,flying,587,13,3
karrablast,50,75,45,40,45,60,bug,Empty,588,18,2
escavalier,70,135,105,60,105,20,bug,steel,589,18,9
foongus,69,55,45,55,55,15,grass,poison,590,6,1
amoonguss,114,85,70,85,80,30,grass,poison,591,6,1
frillish,55,40,50,65,85,40,water,ghost,592,12,17
jellicent,100,60,70,85,105,60,water,ghost,593,12,17
alomomola,165,75,80,40,45,65,water,Empty,594,12,2
joltik,50,47,50,57,50,65,bug,electric,595,18,13
galvantula,70,77,60,97,60,108,bug,electric,596,18,13
ferroseed,44,50,91,24,86,10,grass,steel,597,6,9
ferrothorn,74,94,131,54,116,20,grass,steel,598,6,9
klink,40,55,70,45,60,30,steel,Empty,599,9,2
klang,60,80,95,70,85,50,steel,Empty,600,9,2
klinklang,60,100,115,70,85,90,steel,Empty,601,9,2
tynamo,35,55,40,45,40,60,electric,Empty,602,13,2
eelektrik,65,85,70,75,70,40,electric,Empty,603,13,2
eelektross,85,115,80,105,80,50,electric,Empty,604,13,2
elgyem,55,55,55,85,55,30,psychic,Empty,605,8,2
beheeyem,75,75,75,125,95,40,psychic,Empty,606,8,2
litwick,50,30,55,65,55,20,ghost,fire,607,17,14
lampent,60,40,60,95,60,55,ghost,fire,608,17,14
chandelure,60,55,90,145,90,80,ghost,fire,609,17,14
axew,46,87,60,30,40,57,dragon,Empty,610,15,2
fraxure,66,117,70,40,50,67,dragon,Empty,611,15,2
haxorus,76,147,90,60,70,97,dragon,Empty,612,15,2
cubchoo,55,70,40,60,40,40,ice,Empty,613,10,2
beartic,95,130,80,70,80,50,ice,Empty,614,10,2
cryogonal,80,50,50,95,135,105,ice,Empty,615,10,2
shelmet,50,40,85,40,65,25,bug,Empty,616,18,2
accelgor,80,70,40,100,60,145,bug,Empty,617,18,2
stunfisk,109,66,84,81,99,32,ground,electric,618,4,13
mienfoo,45,85,50,55,50,65,fighting,Empty,619,7,2
mienshao,65,125,60,95,60,105,fighting,Empty,620,7,2
druddigon,77,120,90,60,90,48,dragon,Empty,621,15,2
golett,59,74,50,35,50,35,ground,ghost,622,4,17
golurk,89,124,80,55,80,55,ground,ghost,623,4,17
pawniard,45,85,70,40,40,60,dark,steel,624,16,9
bisharp,65,125,100,60,70,70,dark,steel,625,16,9
bouffalant,95,110,95,40,95,55,normal,Empty,626,19,2
rufflet,70,83,50,37,50,60,normal,flying,627,19,3
braviary,100,123,75,57,75,80,normal,flying,628,19,3
vullaby,70,55,75,45,65,60,dark,flying,629,16,3
mandibuzz,110,65,105,55,95,80,dark,flying,630,16,3
heatmor,85,97,66,105,66,65,fire,Empty,631,14,2
durant,58,109,112,48,48,109,bug,steel,632,18,9
deino,52,65,50,45,50,38,dark,dragon,633,16,15
zweilous,72,85,70,65,70,58,dark,dragon,634,16,15
hydreigon,92,105,90,125,90,98,dark,dragon,635,16,15
larvesta,55,85,55,50,55,60,bug,fire,636,18,14
volcarona,85,60,65,135,105,100,bug,fire,637,18,14
cobalion,91,90,129,90,72,108,steel,fighting,638,9,7
terrakion,91,129,90,72,90,108,rock,fighting,639,11,7
virizion,91,90,72,90,129,108,grass,fighting,640,6,7
tornadus-incarnate,79,115,70,125,80,111,flying,Empty,641,3,2
thundurus-incarnate,79,115,70,125,80,111,electric,flying,642,13,3
reshiram,100,120,100,150,120,90,dragon,fire,643,15,14
zekrom,100,150,120,120,100,90,dragon,electric,644,15,13
landorus-incarnate,89,125,90,115,80,101,ground,flying,645,4,3
kyurem,125,130,90,130,90,95,dragon,ice,646,15,10
keldeo-ordinary,91,72,90,129,90,108,water,fighting,647,12,7
meloetta-aria,100,77,77,128,128,90,normal,psychic,648,19,8
genesect,71,120,95,120,95,99,bug,steel,649,18,9
chespin,56,61,65,48,45,38,grass,Empty,650,6,2
quilladin,61,78,95,56,58,57,grass,Empty,651,6,2
chesnaught,88,107,122,74,75,64,grass,fighting,652,6,7
fennekin,40,45,40,62,60,60,fire,Empty,653,14,2
braixen,59,59,58,90,70,73,fire,Empty,654,14,2
delphox,75,69,72,114,100,104,fire,psychic,655,14,8
froakie,41,56,40,62,44,71,water,Empty,656,12,2
frogadier,54,63,52,83,56,97,water,Empty,657,12,2
greninja,72,95,67,103,71,122,water,dark,658,12,16
bunnelby,38,36,38,32,36,57,normal,Empty,659,19,2
diggersby,85,56,77,50,77,78,normal,ground,660,19,4
fletchling,45,50,43,40,38,62,normal,flying,661,19,3
fletchinder,62,73,55,56,52,84,fire,flying,662,14,3
talonflame,78,81,71,74,69,126,fire,flying,663,14,3
scatterbug,38,35,40,27,25,35,bug,Empty,664,18,2
spewpa,45,22,60,27,30,29,bug,Empty,665,18,2
vivillon,80,52,50,90,50,89,bug,flying,666,18,3
litleo,62,50,58,73,54,72,fire,normal,667,14,19
pyroar,86,68,72,109,66,106,fire,normal,668,14,19
flabebe,44,38,39,61,79,42,fairy,Empty,669,5,2
floette,54,45,47,75,98,52,fairy,Empty,670,5,2
florges,78,65,68,112,154,75,fairy,Empty,671,5,2
skiddo,66,65,48,62,57,52,grass,Empty,672,6,2
gogoat,123,100,62,97,81,68,grass,Empty,673,6,2
pancham,67,82,62,46,48,43,fighting,Empty,674,7,2
pangoro,95,124,78,69,71,58,fighting,dark,675,7,16
furfrou,75,80,60,65,90,102,normal,Empty,676,19,2
espurr,62,48,54,63,60,68,psychic,Empty,677,8,2
meowstic-male,74,48,76,83,81,104,psychic,Empty,678,8,2
honedge,45,80,100,35,37,28,steel,ghost,679,9,17
doublade,59,110,150,45,49,35,steel,ghost,680,9,17
aegislash-shield,60,50,140,50,140,60,steel,ghost,681,9,17
spritzee,78,52,60,63,65,23,fairy,Empty,682,5,2
aromatisse,101,72,72,99,89,29,fairy,Empty,683,5,2
swirlix,62,48,66,59,57,49,fairy,Empty,684,5,2
slurpuff,82,80,86,85,75,72,fairy,Empty,685,5,2
inkay,53,54,53,37,46,45,dark,psychic,686,16,8
malamar,86,92,88,68,75,73,dark,psychic,687,16,8
binacle,42,52,67,39,56,50,rock,water,688,11,12
barbaracle,72,105,115,54,86,68,rock,water,689,11,12
skrelp,50,60,60,60,60,30,poison,water,690,1,12
dragalge,65,75,90,97,123,44,poison,dragon,691,1,15
clauncher,50,53,62,58,63,44,water,Empty,692,12,2
clawitzer,71,73,88,120,89,59,water,Empty,693,12,2
helioptile,44,38,33,61,43,70,electric,normal,694,13,19
heliolisk,62,55,52,109,94,109,electric,normal,695,13,19
tyrunt,58,89,77,45,45,48,rock,dragon,696,11,15
tyrantrum,82,121,119,69,59,71,rock,dragon,697,11,15
amaura,77,59,50,67,63,46,rock,ice,698,11,10
aurorus,123,77,72,99,92,58,rock,ice,699,11,10
sylveon,95,65,65,110,130,60,fairy,Empty,700,5,2
hawlucha,78,92,75,74,63,118,fighting,flying,701,7,3
dedenne,67,58,57,81,67,101,electric,fairy,702,13,5
carbink,50,50,150,50,150,50,rock,fairy,703,11,5
goomy,45,50,35,55,75,40,dragon,Empty,704,15,2
sliggoo,68,75,53,83,113,60,dragon,Empty,705,15,2
goodra,90,100,70,110,150,80,dragon,Empty,706,15,2
klefki,57,80,91,80,87,75,steel,fairy,707,9,5
phantump,43,70,48,50,60,38,ghost,grass,708,17,6
trevenant,85,110,76,65,82,56,ghost,grass,709,17,6
pumpkaboo-average,49,66,70,44,55,51,ghost,grass,710,17,6
gourgeist-average,65,90,122,58,75,84,ghost,grass,711,17,6
bergmite,55,69,85,32,35,28,ice,Empty,712,10,2
avalugg,95,117,184,44,46,28,ice,Empty,713,10,2
noibat,40,30,35,45,40,55,flying,dragon,714,3,15
noivern,85,70,80,97,80,123,flying,dragon,715,3,15
xerneas,126,131,95,131,98,99,fairy,Empty,716,5,2
yveltal,126,131,95,131,98,99,dark,flying,717,16,3
zygarde-50,108,100,121,81,95,95,dragon,ground,718,15,4
diancie,50,100,150,100,150,50,rock,fairy,719,11,5
hoopa,80,110,60,150,130,70,psychic,ghost,720,8,17
volcanion,80,110,120,130,90,70,fire,water,721,14,12
rowlet,68,55,55,50,50,42,grass,flying,722,6,3
dartrix,78,75,75,70,70,52,grass,flying,723,6,3
decidueye,78,107,75,100,100,70,grass,ghost,724,6,17
litten,45,65,40,60,40,70,fire,Empty,725,14,2
torracat,65,85,50,80,50,90,fire,Empty,726,14,2
incineroar,95,115,90,80,90,60,fire,dark,727,14,16
popplio,50,54,54,66,56,40,water,Empty,728,12,2
brionne,60,69,69,91,81,50,water,Empty,729,12,2
primarina,80,74,74,126,116,60,water,fairy,730,12,5
pikipek,35,75,30,30,30,65,normal,flying,731,19,3
trumbeak,55,85,50,40,50,75,normal,flying,732,19,3
toucannon,80,120,75,75,75,60,normal,flying,733,19,3
yungoos,48,70,30,30,30,45,normal,Empty,734,19,2
gumshoos,88,110,60,55,60,45,normal,Empty,735,19,2
grubbin,47,62,45,55,45,46,bug,Empty,736,18,2
charjabug,57,82,95,55,75,36,bug,electric,737,18,13
vikavolt,77,70,90,145,75,43,bug,electric,738,18,13
crabrawler,47,82,57,42,47,63,fighting,Empty,739,7,2
crabominable,97,132,77,62,67,43,fighting,ice,740,7,10
oricorio-baile,75,70,70,98,70,93,fire,flying,741,14,3
cutiefly,40,45,40,55,40,84,bug,fairy,742,18,5
ribombee,60,55,60,95,70,124,bug,fairy,743,18,5
rockruff,45,65,40,30,40,60,rock,Empty,744,11,2
lycanroc-midday,75,115,65,55,65,112,rock,Empty,745,11,2
wishiwashi-solo,45,20,20,25,25,40,water,Empty,746,12,2
mareanie,50,53,62,43,52,45,poison,water,747,1,12
toxapex,50,63,152,53,142,35,poison,water,748,1,12
mudbray,70,100,70,45,55,45,ground,Empty,749,4,2
mudsdale,100,125,100,55,85,35,ground,Empty,750,4,2
dewpider,38,40,52,40,72,27,water,bug,751,12,18
araquanid,68,70,92,50,132,42,water,bug,752,12,18
fomantis,40,55,35,50,35,35,grass,Empty,753,6,2
lurantis,70,105,90,80,90,45,grass,Empty,754,6,2
morelull,40,35,55,65,75,15,grass,fairy,755,6,5
shiinotic,60,45,80,90,100,30,grass,fairy,756,6,5
salandit,48,44,40,71,40,77,poison,fire,757,1,14
salazzle,68,64,60,111,60,117,poison,fire,758,1,14
stufful,70,75,50,45,50,50,normal,fighting,759,19,7
bewear,120,125,80,55,60,60,normal,fighting,760,19,7
bounsweet,42,30,38,30,38,32,grass,Empty,761,6,2
steenee,52,40,48,40,48,62,grass,Empty,762,6,2
tsareena,72,120,98,50,98,72,grass,Empty,763,6,2
comfey,51,52,90,82,110,100,fairy,Empty,764,5,2
oranguru,90,60,80,90,110,60,normal,psychic,765,19,8
passimian,100,120,90,40,60,80,fighting,Empty,766,7,2
wimpod,25,35,40,20,30,80,bug,water,767,18,12
golisopod,75,125,140,60,90,40,bug,water,768,18,12
sandygast,55,55,80,70,45,15,ghost,ground,769,17,4
palossand,85,75,110,100,75,35,ghost,ground,770,17,4
pyukumuku,55,60,130,30,130,5,water,Empty,771,12,2
type-null,95,95,95,95,95,59,normal,Empty,772,19,2
silvally,95,95,95,95,95,95,normal,Empty,773,19,2
minior-red-meteor,60,60,100,60,100,60,rock,flying,774,11,3
komala,65,115,65,75,95,65,normal,Empty,775,19,2
turtonator,60,78,135,91,85,36,fire,dragon,776,14,15
togedemaru,65,98,63,40,73,96,electric,steel,777,13,9
mimikyu-disguised,55,90,80,50,105,96,ghost,fairy,778,17,5
bruxish,68,105,70,70,70,92,water,psychic,779,12,8
drampa,78,60,85,135,91,36,normal,dragon,780,19,15
dhelmise,70,131,100,86,90,40,ghost,grass,781,17,6
jangmo-o,45,55,65,45,45,45,dragon,Empty,782,15,2
hakamo-o,55,75,90,65,70,65,dragon,fighting,783,15,7
kommo-o,75,110,125,100,105,85,dragon,fighting,784,15,7
tapu-koko,70,115,85,95,75,130,electric,fairy,785,13,5
tapu-lele,70,85,75,130,115,95,psychic,fairy,786,8,5
tapu-bulu,70,130,115,85,95,75,grass,fairy,787,6,5
tapu-fini,70,75,115,95,130,85,water,fairy,788,12,5
cosmog,43,29,31,29,31,37,psychic,Empty,789,8,2
cosmoem,43,29,131,29,131,37,psychic,Empty,790,8,2
solgaleo,137,137,107,113,89,97,psychic,steel,791,8,9
lunala,137,113,89,137,107,97,psychic,ghost,792,8,17
nihilego,109,53,47,127,131,103,rock,poison,793,11,1
buzzwole,107,139,139,53,53,79,bug,fighting,794,18,7
pheromosa,71,137,37,137,37,151,bug,fighting,795,18,7
xurkitree,83,89,71,173,71,83,electric,Empty,796,13,2
celesteela,97,101,103,107,101,61,steel,flying,797,9,3
kartana,59,181,131,59,31,109,grass,steel,798,6,9
guzzlord,223,101,53,97,53,43,dark,dragon,799,16,15
necrozma,97,107,101,127,89,79,psychic,Empty,800,8,2
magearna,80,95,115,130,115,65,steel,fairy,801,9,5
marshadow,90,125,80,90,90,125,fighting,ghost,802,7,17
poipole,67,73,67,73,67,73,poison,Empty,803,1,2
naganadel,73,73,73,127,73,121,poison,dragon,804,1,15
stakataka,61,131,211,53,101,13,rock,steel,805,11,9
blacephalon,53,127,53,151,79,107,fire,ghost,806,14,17
zeraora,88,112,75,102,80,143,electric,Empty,807,13,2
meltan,46,65,65,55,35,34,steel,Empty,808,9,2
melmetal,135,143,143,80,65,34,steel,Empty,809,9,2
grookey,50,65,50,40,40,65,grass,Empty,810,6,2
thwackey,70,85,70,55,60,80,grass,Empty,811,6,2
rillaboom,100,125,90,60,70,85,grass,Empty,812,6,2
scorbunny,50,71,40,40,40,69,fire,Empty,813,14,2
raboot,65,86,60,55,60,94,fire,Empty,814,14,2
cinderace,80,116,75,65,75,119,fire,Empty,815,14,2
sobble,50,40,40,70,40,70,water,Empty,816,12,2
drizzile,65,60,55,95,55,90,water,Empty,817,12,2
inteleon,70,85,65,125,65,120,water,Empty,818,12,2
skwovet,70,55,55,35,35,25,normal,Empty,819,19,2
greedent,120,95,95,55,75,20,normal,Empty,820,19,2
rookidee,38,47,35,33,35,57,flying,Empty,821,3,2
corvisquire,68,67,55,43,55,77,flying,Empty,822,3,2
corviknight,98,87,105,53,85,67,flying,steel,823,3,9
blipbug,25,20,20,25,45,45,bug,Empty,824,18,2
dottler,50,35,80,50,90,30,bug,psychic,825,18,8
orbeetle,60,45,110,80,120,90,bug,psychic,826,18,8
nickit,40,28,28,47,52,50,dark,Empty,827,16,2
thievul,70,58,58,87,92,90,dark,Empty,828,16,2
gossifleur,40,40,60,40,60,10,grass,Empty,829,6,2
eldegoss,60,50,90,80,120,60,grass,Empty,830,6,2
wooloo,42,40,55,40,45,48,normal,Empty,831,19,2
dubwool,72,80,100,60,90,88,normal,Empty,832,19,2
chewtle,50,64,50,38,38,44,water,Empty,833,12,2
drednaw,90,115,90,48,68,74,water,rock,834,12,11
yamper,59,45,50,40,50,26,electric,Empty,835,13,2
boltund,69,90,60,90,60,121,electric,Empty,836,13,2
rolycoly,30,40,50,40,50,30,rock,Empty,837,11,2
carkol,80,60,90,60,70,50,rock,fire,838,11,14
coalossal,110,80,120,80,90,30,rock,fire,839,11,14
applin,40,40,80,40,40,20,grass,dragon,840,6,15
flapple,70,110,80,95,60,70,grass,dragon,841,6,15
appletun,110,85,80,100,80,30,grass,dragon,842,6,15
silicobra,52,57,75,35,50,46,ground,Empty,843,4,2
sandaconda,72,107,125,65,70,71,ground,Empty,844,4,2
cramorant,70,85,55,85,95,85,flying,water,845,3,12
arrokuda,41,63,40,40,30,66,water,Empty,846,12,2
barraskewda,61,123,60,60,50,136,water,Empty,847,12,2
toxel,40,38,35,54,35,40,electric,poison,848,13,1
toxtricity-amped,75,98,70,114,70,75,electric,poison,849,13,1
sizzlipede,50,65,45,50,50,45,fire,bug,850,14,18
centiskorch,100,115,65,90,90,65,fire,bug,851,14,18
clobbopus,50,68,60,50,50,32,fighting,Empty,852,7,2
grapploct,80,118,90,70,80,42,fighting,Empty,853,7,2
sinistea,40,45,45,74,54,50,ghost,Empty,854,17,2
polteageist,60,65,65,134,114,70,ghost,Empty,855,17,2
hatenna,42,30,45,56,53,39,psychic,Empty,856,8,2
hattrem,57,40,65,86,73,49,psychic,Empty,857,8,2
hatterene,57,90,95,136,103,29,psychic,fairy,858,8,5
impidimp,45,45,30,55,40,50,dark,fairy,859,16,5
morgrem,65,60,45,75,55,70,dark,fairy,860,16,5
grimmsnarl,95,120,65,95,75,60,dark,fairy,861,16,5
obstagoon,93,90,101,60,81,95,dark,normal,862,16,19
perrserker,70,110,100,50,60,50,steel,Empty,863,9,2
cursola,60,95,50,145,130,30,ghost,Empty,864,17,2
sirfetchd,62,135,95,68,82,65,fighting,Empty,865,7,2
mr-rime,80,85,75,110,100,70,ice,psychic,866,10,8
runerigus,58,95,145,50,105,30,ground,ghost,867,4,17
milcery,45,40,40,50,61,34,fairy,Empty,868,5,2
alcremie,65,60,75,110,121,64,fairy,Empty,869,5,2
falinks,65,100,100,70,60,75,fighting,Empty,870,7,2
pincurchin,48,101,95,91,85,15,electric,Empty,871,13,2
snom,30,25,35,45,30,20,ice,bug,872,10,18
frosmoth,70,65,60,125,90,65,ice,bug,873,10,18
stonjourner,100,125,135,20,20,70,rock,Empty,874,11,2
eiscue-ice,75,80,110,65,90,50,ice,Empty,875,10,2
indeedee-male,60,65,55,105,95,95,psychic,normal,876,8,19
morpeko-full-belly,58,95,58,70,58,97,electric,dark,877,13,16
cufant,72,80,49,40,49,40,steel,Empty,878,9,2
copperajah,122,130,69,80,69,30,steel,Empty,879,9,2
dracozolt,90,100,90,80,70,75,electric,dragon,880,13,15
arctozolt,90,100,90,90,80,55,electric,ice,881,13,10
dracovish,90,90,100,70,80,75,water,dragon,882,12,15
arctovish,90,90,100,80,90,55,water,ice,883,12,10
duraludon,70,95,115,120,50,85,steel,dragon,884,9,15
dreepy,28,60,30,40,30,82,dragon,ghost,885,15,17
drakloak,68,80,50,60,50,102,dragon,ghost,886,15,17
dragapult,88,120,75,100,75,142,dragon,ghost,887,15,17
zacian,92,120,115,80,115,138,fairy,Empty,888,5,2
zamazenta,92,120,115,80,115,138,fighting,Empty,889,7,2
eternatus,140,85,95,145,95,130,poison,dragon,890,1,15
kubfu,60,90,60,53,50,72,fighting,Empty,891,7,2
urshifu-single-strike,100,130,100,63,60,97,fighting,dark,892,7,16
zarude,105,120,105,70,95,105,dark,grass,893,16,6
regieleki,80,100,50,100,50,200,electric,Empty,894,13,2
regidrago,200,100,50,100,50,80,dragon,Empty,895,15,2
glastrier,100,145,130,65,110,30,ice,Empty,896,10,2
spectrier,100,65,60,145,80,130,ghost,Empty,897,17,2
calyrex,100,80,80,80,80,80,psychic,grass,898,8,6
wyrdeer,103,105,72,105,75,65,normal,psychic,899,19,8
kleavor,70,135,95,45,70,85,bug,rock,900,18,11
ursaluna,130,140,105,45,80,50,ground,normal,901,4,19
basculegion-male,120,112,65,80,75,78,water,ghost,902,12,17
sneasler,80,130,60,40,80,120,fighting,poison,903,7,1
overqwil,85,115,95,65,65,85,dark,poison,904,16,1
enamorus-incarnate,74,115,70,135,80,106,fairy,flying,905,5,3
sprigatito,40,61,54,45,45,65,grass,Empty,906,6,2
floragato,61,80,63,60,63,83,grass,Empty,907,6,2
meowscarada,76,110,70,81,70,123,grass,dark,908,6,16
fuecoco,67,45,59,63,40,36,fire,Empty,909,14,2
crocalor,81,55,78,90,58,49,fire,Empty,910,14,2
skeledirge,104,75,100,110,75,66,fire,ghost,911,14,17
quaxly,55,65,45,50,45,50,water,Empty,912,12,2
quaxwell,70,85,65,65,60,65,water,Empty,913,12,2
quaquaval,85,120,80,85,75,85,water,fighting,914,12,7
lechonk,54,45,40,35,45,35,normal,Empty,915,19,2
oinkologne,110,100,75,59,80,65,normal,Empty,916,19,2
tarountula,35,41,45,29,40,20,bug,Empty,917,18,2
spidops,60,79,92,52,86,35,bug,Empty,918,18,2
nymble,33,46,40,21,25,45,bug,Empty,919,18,2
lokix,71,102,78,52,55,92,bug,dark,920,18,16
pawmi,45,50,20,40,25,60,electric,Empty,921,13,2
pawmo,60,75,40,50,40,85,electric,fighting,922,13,7
pawmot,70,115,70,70,60,105,electric,fighting,923,13,7
tandemaus,50,50,45,40,45,75,normal,Empty,924,19,2
maushold,74,75,70,65,75,111,normal,Empty,925,19,2
fidough,37,55,70,30,55,65,fairy,Empty,926,5,2
dachsbun,57,80,115,50,80,95,fairy,Empty,927,5,2
smoliv,41,35,45,58,51,30,grass,normal,928,6,19
dolliv,52,53,60,78,78,33,grass,normal,929,6,19
arboliva,78,69,90,125,109,39,grass,normal,930,6,19
squawkabilly,82,96,51,45,51,92,normal,flying,931,19,3
nacli,55,55,75,35,35,25,rock,Empty,932,11,2
naclstack,60,60,100,35,65,35,rock,Empty,933,11,2
garganacl,100,100,130,45,90,35,rock,Empty,934,11,2
charcadet,40,50,40,50,40,35,fire,Empty,935,14,2
armarouge,85,60,100,125,80,75,fire,psychic,936,14,8
ceruledge,75,125,80,60,100,85,fire,ghost,937,14,17
tadbulb,61,31,41,59,35,45,electric,Empty,938,13,2
bellibolt,109,64,91,103,83,45,electric,Empty,939,13,2
wattrel,40,40,35,55,40,70,electric,flying,940,13,3
kilowattrel,70,70,60,105,60,125,electric,flying,941,13,3
maschiff,60,78,60,40,51,51,dark,Empty,942,16,2
mabosstiff,80,120,90,60,70,85,dark,Empty,943,16,2
shroodle,40,65,35,40,35,75,poison,normal,944,1,19
grafaiai,63,95,65,80,72,110,poison,normal,945,1,19
bramblin,40,65,30,45,35,60,grass,ghost,946,6,17
brambleghast,55,115,70,80,70,90,grass,ghost,947,6,17
toedscool,40,40,35,50,100,70,ground,grass,948,4,6
toedscruel,80,70,65,80,120,100,ground,grass,949,4,6
klawf,70,100,115,35,55,75,rock,Empty,950,11,2
capsakid,50,62,40,62,40,50,grass,Empty,951,6,2
scovillain,65,108,65,108,65,75,grass,fire,952,6,14
rellor,41,50,60,31,58,30,bug,Empty,953,18,2
rabsca,75,50,85,115,100,45,bug,psychic,954,18,8
flittle,30,35,30,55,30,75,psychic,Empty,955,8,2
espathra,95,60,60,101,60,105,psychic,Empty,956,8,2
tinkatink,50,45,45,35,64,58,fairy,steel,957,5,9
tinkatuff,65,55,55,45,82,78,fairy,steel,958,5,9
tinkaton,85,75,77,70,105,94,fairy,steel,959,5,9
wiglett,10,55,25,35,25,95,water,Empty,960,12,2
wugtrio,35,100,50,50,70,120,water,Empty,961,12,2
bombirdier,70,103,85,60,85,82,flying,dark,962,3,16
finizen,70,45,40,45,40,75,water,Empty,963,12,2
palafin,100,70,72,53,62,100,water,Empty,964,12,2
varoom,45,70,63,30,45,47,steel,poison,965,9,1
revavroom,80,119,90,54,67,90,steel,poison,966,9,1
cyclizar,70,95,65,85,65,121,dragon,normal,967,15,19
orthworm,70,85,145,60,55,65,steel,Empty,968,9,2
glimmet,48,35,42,105,60,60,rock,poison,969,11,1
glimmora,83,55,90,130,81,86,rock,poison,970,11,1
greavard,50,61,60,30,55,34,ghost,Empty,971,17,2
houndstone,72,101,100,50,97,68,ghost,Empty,972,17,2
flamigo,82,115,74,75,64,90,flying,fighting,973,3,7
cetoddle,108,68,45,30,40,43,ice,Empty,974,10,2
cetitan,170,113,65,45,55,73,ice,Empty,975,10,2
veluza,90,102,73,78,65,70,water,psychic,976,12,8
dondozo,150,100,115,65,65,35,water,Empty,977,12,2
tatsugiri,68,50,60,120,95,82,dragon,water,978,15,12
annihilape,110,115,80,50,90,90,fighting,ghost,979,7,17
clodsire,130,75,60,45,100,20,poison,ground,980,1,4
farigiraf,120,90,70,110,70,60,normal,psychic,981,19,8
dudunsparce,125,100,80,85,75,55,normal,Empty,982,19,2
kingambit,100,135,120,60,85,50,dark,steel,983,16,9
great-tusk,115,131,131,53,53,87,ground,fighting,984,4,7
scream-tail,115,65,99,65,115,111,fairy,psychic,985,5,8
brute-bonnet,111,127,99,79,99,55,grass,dark,986,6,16
flutter-mane,55,55,55,135,135,135,ghost,fairy,987,17,5
slither-wing,85,135,79,85,105,81,bug,fighting,988,18,7
sandy-shocks,85,81,97,121,85,101,electric,ground,989,13,4
iron-treads,90,112,120,72,70,106,ground,steel,990,4,9
iron-bundle,56,80,114,124,60,136,ice,water,991,10,12
iron-hands,154,140,108,50,68,50,fighting,electric,992,7,13
iron-jugulis,94,80,86,122,80,108,dark,flying,993,16,3
iron-moth,80,70,60,140,110,110,fire,poison,994,14,1
iron-thorns,100,134,110,70,84,72,rock,electric,995,11,13
frigibax,65,75,45,35,45,55,dragon,ice,996,15,10
arctibax,90,95,66,45,65,62,dragon,ice,997,15,10
baxcalibur,115,145,92,75,86,87,dragon,ice,998,15,10
gimmighoul,45,30,70,75,70,10,ghost,Empty,999,17,2
gholdengo,87,60,95,133,91,84,steel,ghost,1000,9,17
wo-chien,85,85,100,95,135,70,dark,grass,1001,16,6
chien-pao,80,120,80,90,65,135,dark,ice,1002,16,10
ting-lu,155,110,125,55,80,45,dark,ground,1003,16,4
chi-yu,55,80,80,135,120,100,dark,fire,1004,16,14
roaring-moon,105,139,71,55,101,119,dragon,dark,1005,15,16
iron-valiant,74,130,90,120,60,116,fairy,fighting,1006,5,7
koraidon,100,135,115,85,100,135,fighting,dragon,1007,7,15
miraidon,100,85,100,135,115,135,electric,dragon,1008,13,15
walking-wake,99,83,91,125,83,109,water,dragon,1009,12,15
iron-leaves,90,130,88,70,108,104,grass,psychic,1010,6,8
dipplin,80,80,110,95,80,40,grass,dragon,1011,6,15
poltchageist,40,45,45,74,54,50,grass,ghost,1012,6,17
sinistcha,71,60,106,121,80,70,grass,ghost,1013,6,17
okidogi,88,128,115,58,86,80,poison,fighting,1014,1,7
munkidori,88,75,66,130,90,106,poison,psychic,1015,1,8
fezandipiti,88,91,82,70,125,99,poison,fairy,1016,1,5
ogerpon,80,120,84,60,96,110,grass,Empty,1017,6,2
archaludon,90,105,130,125,65,85,steel,dragon,1018,9,15
hydrapple,106,80,110,120,80,44,grass,dragon,1019,6,15
gouging-fire,105,115,121,65,93,91,fire,dragon,1020,14,15
raging-bolt,125,73,91,137,89,75,electric,dragon,1021,13,15
iron-boulder,90,120,80,68,108,124,rock,psychic,1022,11,8
iron-crown,90,72,100,122,108,98,steel,psychic,1023,9,8
terapagos,90,65,85,65,85,60,normal,Empty,1024,19,2
pecharunt,88,88,160,88,88,88,poison,ghost,1025,1,17
